期刊名,ISSN,中科院大类分区,中科院小类分区,JCR分区,影响因子,学科
Nature,0028-0836,1区,1区,Q1,64.8,综合性期刊
Science,0036-8075,1区,1区,Q1,56.9,综合性期刊
Cell,0092-8674,1区,1区,Q1,64.5,细胞生物学
Nature Communications,2041-1723,1区,1区,Q1,16.6,综合性期刊
PNAS,0027-8424,1区,1区,Q1,11.1,综合性期刊
The Lancet,0140-6736,1区,1区,Q1,98.4,医学
New England Journal of Medicine,0028-4793,1区,1区,Q1,96.2,医学
JAMA,0098-7484,1区,1区,Q1,63.1,医学
BMJ,0959-8138,1区,1区,Q1,93.6,医学
Nature Medicine,1078-8956,1区,1区,Q1,58.7,医学
Nature Reviews Drug Discovery,1474-1776,1区,1区,Q1,84.0,药学
Nature Biotechnology,1087-0156,1区,1区,Q1,33.1,生物技术
Nature Genetics,1061-4036,1区,1区,Q1,31.7,遗传学
Nature Neuroscience,1097-6256,1区,1区,Q1,25.0,神经科学
Nature Physics,1745-2473,1区,1区,Q1,19.6,物理学
Nature Chemistry,1755-4330,1区,1区,Q1,21.8,化学
Nature Materials,1476-1122,1区,1区,Q1,41.2,材料科学
Nature Energy,2058-7546,1区,1区,Q1,56.7,能源
Nature Climate Change,1758-678X,1区,1区,Q1,29.6,环境科学
Nature Sustainability,2398-9629,1区,1区,Q1,27.6,可持续发展
Nature Human Behaviour,2397-3374,1区,1区,Q1,21.4,社会科学
Nature Reviews Psychology,2731-0574,1区,1区,Q1,16.8,心理学
Psychological Bulletin,0033-2909,1区,1区,Q1,22.4,心理学
Psychological Review,0033-295X,1区,1区,Q1,7.7,心理学
Journal of Personality and Social Psychology,0022-3514,1区,1区,Q1,6.4,心理学
American Psychologist,0003-066X,1区,1区,Q1,12.3,心理学
Child Development,0009-3920,1区,1区,Q1,3.9,心理学
Journal of Educational Psychology,0022-0663,1区,1区,Q1,6.9,教育学
Educational Researcher,0013-189X,1区,1区,Q1,5.7,教育学
Review of Educational Research,0034-6543,1区,1区,Q1,11.2,教育学
American Educational Research Journal,0002-8312,1区,1区,Q1,4.6,教育学
Computers & Education,0360-1315,1区,1区,Q1,12.0,教育学
Internet and Higher Education,1096-7516,1区,1区,Q1,8.6,教育学
Studies in Higher Education,0307-5079,1区,1区,Q1,4.9,教育学
Higher Education,0018-1560,1区,1区,Q1,5.2,教育学
Research in Higher Education,0361-0365,1区,1区,Q1,2.4,教育学
Innovative Higher Education,0742-5627,2区,2区,Q2,2.2,教育学
Journal of College Student Development,0897-5264,3区,3区,Q3,1.5,教育学
Nature Reviews Materials,2058-8437,1区,1区,Q1,83.5,材料科学
Advanced Materials,0935-9648,1区,1区,Q1,27.4,材料科学
Angewandte Chemie International Edition,1433-7851,1区,1区,Q1,16.6,化学
Journal of the American Chemical Society,0002-7863,1区,1区,Q1,15.0,化学
Chemical Reviews,0009-2665,1区,1区,Q1,62.1,化学
Physical Review Letters,0031-9007,1区,1区,Q1,8.6,物理学
Physical Review X,2160-3308,1区,1区,Q1,15.6,物理学
IEEE Transactions on Pattern Analysis and Machine Intelligence,0162-8828,1区,1区,Q1,20.8,计算机科学
IEEE Transactions on Neural Networks and Learning Systems,2162-237X,1区,1区,Q1,10.2,计算机科学
IEEE Transactions on Image Processing,1057-7149,1区,1区,Q1,10.6,计算机科学
IEEE Transactions on Visualization and Computer Graphics,1077-2626,1区,1区,Q1,4.7,计算机科学
ACM Computing Surveys,0360-0300,1区,1区,Q1,23.8,计算机科学
International Journal of Human-Computer Studies,1071-5819,1区,1区,Q1,5.3,计算机科学
Human-Computer Interaction,0737-0024,1区,1区,Q1,5.0,计算机科学
Design Studies,0142-694X,2区,2区,Q1,3.5,设计学
International Journal of Design,1994-036X,2区,2区,Q1,2.9,设计学
Design Issues,0747-9360,3区,3区,Q2,1.2,设计学
She Ji: The Journal of Design, Economics, and Innovation,2405-8726,3区,3区,Q2,2.3,设计学
Journal of Interior Design,1071-7641,4区,4区,Q3,0.8,设计学
Landscape and Urban Planning,0169-2046,1区,1区,Q1,9.1,城市规划
Journal of Environmental Psychology,0272-4944,1区,1区,Q1,7.6,环境心理学
Environment and Behavior,0013-9165,2区,2区,Q1,4.8,环境心理学
Frontiers in Psychology,1664-1078,2区,2区,Q2,2.6,心理学
PLOS ONE,1932-6203,3区,3区,Q1,2.9,综合性期刊
Scientific Reports,2045-2322,2区,2区,Q1,3.8,综合性期刊
Heliyon,2405-8440,3区,3区,Q2,3.4,综合性期刊
Sustainability,2071-1050,3区,3区,Q2,3.3,环境科学